ECK #,gene name,JW strain
ECK0002,THRA,JW0001
ECK0003,THRB,JW0002
ECK0004,THRC,JW0003
ECK0005,YAAX,JW0004
ECK0006,YAAA,JW0005
ECK0007,YAAJ,JW0006
ECK0008,TALB,JW0007
ECK0009,MOG,JW0008
ECK0011,YAAW,JW0010
ECK0012,htgA,JW5001
ECK0013,YAAI,JW0012
ECK0014,DNAK,JW0013
ECK0015,DNAJ,JW0014
ECK0017,hokC,JW5002
ECK0020,NHAA,JW0018
ECK0021,NHAR,JW0019
ECK0024,RPST,JW0022
ECK0025,YAAY,JW5003
ECK0029,FKPB,JW0026
ECK0031,RIHC,JW0028
ECK0033,CARA,JW0030
ECK0034,CARB,JW0031
ECK0035,CAIF,JW0033
ECK0036,CAIE,JW5004
ECK0037,CAID,JW0035
ECK0038,CAIC,JW0036
ECK0039,CAIB,JW0037
ECK0040,CAIA,JW0038
ECK0041,CAIT,JW0039
ECK0042,FIXA,JW0040
ECK0043,FIXB,JW0041
ECK0044,FIXC,JW0042
ECK0045,FIXX,JW0043
ECK0046,YAAU,JW0044
ECK0047,KEFF,JW0045
ECK0048,KEFC,JW0046
ECK0050,APAH,JW0048
ECK0051,APAG,JW0049
ECK0052,KSGA,JW0050
ECK0053,PDXA,JW0051
ECK0054,SURA,JW0052
ECK0056,DJLA,JW0054
ECK0059,RLUA,JW0057
ECK0060,HEPA,JW0058
ECK0061,POLB,JW0059
ECK0065,ARAC,JW0063
ECK0066,YABI,JW5005
ECK0067,THIQ,JW0065
ECK0068,THIP,JW0066
ECK0069,TBPA,JW0067
ECK0070,SGRR,JW0068
ECK0072,SETA,JW0069
ECK0073,LEUD,JW0070
ECK0074,LEUC,JW0071
ECK0075,LEUB,JW5807
ECK0076,LEUA,JW0073
ECK0078,LEUO,JW0075
ECK0079,ILVI,JW0076
ECK0080,ILVH,JW0077
ECK0081,FRUR,JW0078
ECK0082,MRAZ,JW0079
ECK0083,MRAW,JW0080
ECK0093,DDLB,JW0090
ECK0100,MUTT,JW0097
ECK0101,YACG,JW5008
ECK0102,YACF,JW0099
ECK0104,GUAC,JW0101
ECK0105,HOFC,JW0102
ECK0106,HOFB,JW0103
ECK0107,PPDD,JW0104
ECK0108,NADC,JW0105
ECK0109,AMPD,JW0106
ECK0110,AMPE,JW0107
ECK0111,AROP,JW0108
ECK0112,PDHR,JW0109
ECK0113,ACEE,JW0110
ECK0114,ACEF,JW0111
ECK0116,YACH,JW0113
ECK0117,ACNB,JW0114
ECK0118,YACL,JW0115
ECK0119,SPED,JW0116
ECK0120,SPEE,JW0117
ECK0121,YACC,JW0118
ECK0122,CUEO,JW0119
ECK0123,GCD,JW0120
ECK0124,HPT,JW5009
ECK0126,YADG,JW0123
ECK0127,YADH,JW0124
ECK0128,YADI,JW0125
ECK0129,YADE,JW0126
ECK0130,PAND,JW0127
ECK0131,YADD,JW5010
ECK0133,PANB,JW0130
ECK0134,YADC,JW0131
ECK0135,YADK,JW0132
ECK0136,YADL,JW0133
ECK0137,YADM,JW0134
ECK0138,HTRE,JW0135
ECK0139,ECPD,JW0136
ECK0140,YADN,JW0137
ECK0142,PCNB,JW5808
ECK0143,YADB,JW5892
ECK0144,DKSA,JW0141
ECK0145,SFSA,JW0142
ECK0146,LIGT,JW5011
ECK0147,HRPB,JW0144
ECK0148,MRCB,JW0145
ECK0149,FHUA,JW0146
ECK0150,FHUC,JW0147
ECK0151,FHUD,JW0148
ECK0152,FHUB,JW0149
ECK0154,CLCA,JW5012
ECK0156,YADS,JW0153
ECK0157,BTUF,JW0154
ECK0159,DGT,JW0156
ECK0160,DEGP,JW0157
ECK0161,CDAR,JW5013
ECK0162,YAEH,JW0159
ECK0163,YAEI,JW5014
ECK0165,GLND,JW0162
ECK0182,RNHB,JW0178
ECK0185,LDCC,JW0181
ECK0186,YAER,JW0182
ECK0188,ROF,JW0184
ECK0190,YAEQ,JW0186
ECK0191,YAEJ,JW0187
ECK0192,NLPE,JW0188
ECK0193,YAEF,JW5016
ECK0195,YAEB,JW0191
ECK0196,RCSF,JW0192
ECK0197,METQ,JW0193
ECK0198,METI,JW0194
ECK0199,METN,JW0195
ECK0200,GMHB,JW0196
ECK0207,DKGB,JW0197
ECK0208,YAFC,JW0198
ECK0209,YAFD,JW5017
ECK0210,YAFE,JW0200
ECK0211,MLTD,JW5018
ECK0212,GLOB,JW0202
ECK0213,YAFS,JW0203
ECK0214,RNHA,JW0204
ECK0215,DNAQ,JW0205
ECK0217,YAFT,JW0206
ECK0220,YAFV,JW5019
ECK0221,IVY,JW0210
ECK0222,FADE,JW5020
ECK0223,LPCA,JW0212
ECK0224,YAFJ,JW0213
ECK0225,YAFK,JW0214
ECK0226,YAFQ,JW0215
ECK0227,DINJ,JW0216
ECK0228,YAFL,JW0217
ECK0229,YAFM,JW0218
ECK0232,DINB,JW0221
ECK0233,YAFN,JW0222
ECK0234,YAFO,JW0223
ECK0235,YAFP,JW0224
ECK0238,PEPD,JW0227
ECK0239,GPT,JW0228
ECK0240,FRSA,JW0229
ECK0241,CRL,JW0230
ECK0242,PHOE,JW0231
ECK0243,PROB,JW0232
ECK0244,PROA,JW0233
ECK0246,YKFI,JW0234
ECK0247,YAFW,JW0235
ECK0248,YKFH,JW5956
ECK0249,YKFG,JW0236
ECK0250,YAFX,JW5022
ECK0251,YKFF,JW5023
ECK0252,YKFB,JW0239
ECK0255,YKFA,JW0243
ECK0256,PERR,JW0244
ECK0262,MMUP,JW5027
ECK0264,AFUC,JW0254
ECK0269,YAGE,JW0261
ECK0270,YAGF,JW0262
ECK0272,YAGH,JW0264
ECK0273,YAGI,JW0265
ECK0274,ARGF,JW0266
ECK0275,YAGJ,JW0270
ECK0276,YAGK,JW0271
ECK0277,YAGL,JW0272
ECK0278,YAGM,JW0273
ECK0279,YAGN,JW0274
ECK0280,INTF,JW0275
ECK0281,YAGP,JW0276
ECK0282,YAGQ,JW0277
ECK0283,YAGR,JW0278
ECK0284,YAGS,JW0279
ECK0285,YAGT,JW0280
ECK0286,YAGU,JW0281
ECK0287,YKGJ,JW0282
ECK0288,YAGV,JW5030
ECK0289,YAGW,JW0284
ECK0290,YAGX,JW0285
ECK0294,YKGL,JW5033
ECK0301,YKGB,JW5038
ECK0302,YKGI,JW5039
ECK0303,YKGC,JW5040
ECK0304,YKGD,JW0298
ECK0305,YKGE,JW5041
ECK0306,YKGF,JW0300
ECK0307,YKGG,JW5042
ECK0308,YKGH,JW0302
ECK0309,BETA,JW0303
ECK0310,BETB,JW0304
ECK0311,BETI,JW0305
ECK0313,YAHA,JW0307
ECK0314,YAHB,JW0308
ECK0315,YAHC,JW0309
ECK0316,YAHD,JW0310
ECK0317,YAHE,JW0311
ECK0318,YAHF,JW0312
ECK0319,YAHG,JW0313
ECK0321,YAHI,JW0315
ECK0322,YAHJ,JW0316
ECK0323,YAHK,JW0317
ECK0324,YAHL,JW0318
ECK0325,YAHM,JW5044
ECK0326,YAHN,JW0320
ECK0327,YAHO,JW0321
ECK0328,PRPR,JW0322
ECK0329,PRPB,JW0323
ECK0330,PRPC,JW0324
ECK0331,PRPD,JW0325
ECK0332,PRPE,JW0326
ECK0333,CODB,JW0327
ECK0334,CODA,JW0328
ECK0335,CYNR,JW5894
ECK0336,CYNT,JW0330
ECK0337,CYNS,JW0331
ECK0338,CYNX,JW0332
ECK0339,LACA,JW0333
ECK0340,LACY,JW0334
ECK0342,LACI,JW0336
ECK0343,MHPR,JW0337
ECK0344,MHPA,JW0338
ECK0345,MHPB,JW0339
ECK0346,MHPC,JW0340
ECK0347,MHPD,JW0341
ECK0348,MHPF,JW0342
ECK0349,MHPE,JW0343
ECK0350,MHPT,JW5046
ECK0351,YAIL,JW0345
ECK0352,FRMB,JW0346
ECK0353,FRMA,JW0347
ECK0354,FRMR,JW0348
ECK0355,YAIO,JW0349
ECK0359,yaiF,JW5814
ECK0360,YAIP,JW0355
ECK0361,YAIS,JW0356
ECK0362,TAUA,JW0357
ECK0363,TAUB,JW0358
ECK0364,TAUC,JW0359
ECK0365,TAUD,JW0360
ECK0367,ykiB,JW5049
ECK0369,yaiU,JW5051
ECK0370,YAIV,JW0366
ECK0371,AMPH,JW5052
ECK0372,SBMA,JW0368
ECK0373,YAIW,JW0369
ECK0374,YAIY,JW0370
ECK0375,YAIZ,JW5053
ECK0376,DDLA,JW0372
ECK0378,PHOA,JW0374
ECK0379,PSIF,JW5054
ECK0381,PROC,JW0377
ECK0382,YAII,JW0378
ECK0383,AROL,JW0379
ECK0384,YAIA,JW0380
ECK0385,AROM,JW0381
ECK0386,YAIE,JW0382
ECK0388,RDGC,JW0384
ECK0389,MAK,JW0385
ECK0390,ARAJ,JW0386
ECK0391,SBCC,JW0387
ECK0392,SBCD,JW0388
ECK0393,PHOB,JW0389
ECK0394,PHOR,JW0390
ECK0395,BRNQ,JW0391
ECK0396,PROY,JW5055
ECK0397,MALZ,JW0393
ECK0399,QUEA,JW0395
ECK0400,TGT,JW0396
ECK0401,YAJC,JW0397
ECK0404,YAJD,JW0400
ECK0405,TSX,JW0401
ECK0406,YAJI,JW5056
ECK0412,PGPA,JW0408
ECK0413,YAJO,JW0409
ECK0416,XSEB,JW0412
ECK0417,THII,JW0413
ECK0418,YAJL,JW5057
ECK0419,PANE,JW0415
ECK0420,YAJQ,JW5058
ECK0421,YAJR,JW5059
ECK0422,CYOE,JW0418
ECK0423,CYOD,JW0419
ECK0424,CYOC,JW0420
ECK0425,CYOB,JW0421
ECK0426,CYOA,JW0422
ECK0427,AMPG,JW0423
ECK0428,YAJG,JW0424
ECK0429,BOLA,JW5060
ECK0430,TIG,JW0426
ECK0431,CLPP,JW0427
ECK0432,CLPX,JW0428
ECK0433,LON,JW0429
ECK0434,HUPB,JW0430
ECK0435,PPID,JW0431
ECK0436,YBAV,JW0432
ECK0437,YBAW,JW0433
ECK0439,YBAE,JW0435
ECK0440,COF,JW0436
ECK0441,YBAO,JW0437
ECK0442,MDLA,JW0438
ECK0443,MDLB,JW5061
ECK0444,GLNK,JW0440
ECK0445,AMTB,JW0441
ECK0446,TESB,JW0442
ECK0447,YBAY,JW0443
ECK0448,YBAZ,JW0444
ECK0450,YBAA,JW0445
ECK0451,YLAB,JW5062
ECK0452,YLAC,JW5063
ECK0453,MAA,JW0448
ECK0454,HHA,JW0449
ECK0456,ACRB,JW0451
ECK0457,ACRA,JW0452
ECK0458,ACRR,JW0453
ECK0459,KEFA,JW0454
ECK0460,YBAM,JW0455
ECK0461,PRIC,JW0456
ECK0462,YBAN,JW0457
ECK0463,APT,JW0458
ECK0465,YBAB,JW0460
ECK0466,RECR,JW0461
ECK0467,HTPG,JW0462
ECK0470,AES,JW0465
ECK0471,GSK,JW0466
ECK0472,YBAL,JW0467
ECK0473,FSR,JW0468
ECK0474,USHA,JW0469
ECK0475,YBAK,JW0470
ECK0476,YBAP,JW0471
ECK0477,YBAQ,JW0472
ECK0478,COPA,JW0473
ECK0479,YBAS,JW0474
ECK0480,YBAT,JW0475
ECK0481,CUER,JW0476
ECK0482,YBBJ,JW5065
ECK0484,YBBL,JW0479
ECK0485,YBBM,JW5066
ECK0486,YBBN,JW5067
ECK0487,YBBO,JW0482
ECK0488,TESA,JW0483
ECK0489,YBBA,JW0484
ECK0490,YBBP,JW0485
ECK0491,RHSD,JW0486
ECK0492,YBBC,JW0487
ECK0496,YBBB,JW0491
ECK0498,ALLA,JW0493
ECK0499,ALLR,JW0494
ECK0500,GCL,JW0495
ECK0501,HYI,JW0496
ECK0502,GLXR,JW0497
ECK0503,ybbV,JW0498
ECK0504,YBBW,JW0499
ECK0505,ALLB,JW0500
ECK0506,YBBY,JW0501
ECK0507,GLXK,JW0502
ECK0508,YLBA,JW0503
ECK0509,ALLC,JW0504
ECK0510,ALLD,JW0505
ECK0511,FDRA,JW0506
ECK0514,YBCF,JW0510
ECK0515,PURK,JW0511
ECK0516,PURE,JW0512
ECK0518,PPIB,JW0514
ECK0520,YBCI,JW0516
ECK0521,YBCJ,JW5070
ECK0523,SFMA,JW0519
ECK0524,SFMC,JW0520
ECK0525,SFMD,JW0521
ECK0526,SFMH,JW5071
ECK0527,SFMF,JW5072
ECK0528,FIMZ,JW5073
ECK0530,INTD,JW0525
ECK0534,EMRE,JW0531
ECK0535,YBCK,JW0532
ECK0536,YBCL,JW0533
ECK0537,YBCM,JW0534
ECK0538,YBCN,JW0535
ECK0539,NINE,JW0536
ECK0540,YBCO,JW0537
ECK0541,RUSA,JW0538
ECK0542,YLCG,JW5076
ECK0545,ESSD,JW0543
ECK0547,RZPD,JW5079
ECK0548,RZOD,JW5080
ECK0549,BORD,JW0546
ECK0550,YBCV,JW5081
ECK0551,YBCW,JW0548
ECK0556,APPY,JW0553
ECK0557,OMPT,JW0554
ECK0558,ENVY,JW0555
ECK0559,YBCH,JW0556
ECK0560,NFRA,JW0557
ECK0561,NFRB,JW0558
ECK0562,CUSS,JW5082
ECK0563,CUSR,JW0560
ECK0564,CUSC,JW0561
ECK0565,CUSF,JW0562
ECK0566,CUSB,JW0563
ECK0567,CUSA,JW0564
ECK0568,PHEP,JW0565
ECK0569,YBDG,JW0566
ECK0571,YBDF,JW5083
ECK0572,YBDJ,JW0569
ECK0573,YBDK,JW0570
ECK0574,HOKE,JW5084
ECK0576,FEPA,JW5086
ECK0577,FES,JW0576
ECK0578,YBDZ,JW0577
ECK0579,ENTF,JW0578
ECK0580,FEPE,JW0579
ECK0581,FEPC,JW0580
ECK0582,FEPG,JW0581
ECK0583,FEPD,JW0582
ECK0585,FEPB,JW0584
ECK0586,ENTC,JW0585
ECK0587,ENTE,JW0586
ECK0588,ENTB,JW0587
ECK0589,ENTA,JW0588
ECK0591,CSTA,JW0590
ECK0592,YBDD,JW0591
ECK0593,YBDH,JW0592
ECK0594,YBDL,JW0593
ECK0595,YBDM,JW0594
ECK0596,YBDN,JW0595
ECK0597,YBDO,JW0596
ECK0598,DSBG,JW0597
ECK0599,AHPC,JW0598
ECK0600,AHPF,JW0599
ECK0601,USPG,JW0600
ECK0602,YBDR,JW0601
ECK0603,RNK,JW0602
ECK0604,RNA,JW0603
ECK0605,CITT,JW0604
ECK0606,CITG,JW0605
ECK0607,CITX,JW0606
ECK0608,CITF,JW5087
ECK0609,CITE,JW0608
ECK0610,CITD,JW0609
ECK0611,CITC,JW0610
ECK0616,CSPE,JW0618
ECK0617,CRCB,JW0619
ECK0619,ybeM,JW0621
ECK0620,TATE,JW0622
ECK0621,LIPA,JW0623
ECK0622,YBEF,JW0624
ECK0623,LIPB,JW5089
ECK0624,YBED,JW0626
ECK0625,DACA,JW0627
ECK0626,RLPA,JW0628
ECK0630,YBEB,JW5090
ECK0631,COBC,JW0633
ECK0636,YBEL,JW0638
ECK0637,YBEQ,JW5091
ECK0638,YBER,JW0640
ECK0640,YBET,JW0642
ECK0641,YBEU,JW0643
ECK0642,DJLC,JW0644
ECK0643,HSCC,JW0645
ECK0644,RIHA,JW0646
ECK0645,GLTL,JW0647
ECK0646,GLTK,JW0648
ECK0647,GLTJ,JW0649
ECK0648,GLTI,JW5092
ECK0650,YBEX,JW0655
ECK0651,YBEY,JW0656
ECK0652,YBEZ,JW0657
ECK0653,MIAB,JW0658
ECK0654,UBIF,JW0659
ECK0662,ASNB,JW0660
ECK0663,NAGD,JW0661
ECK0664,NAGC,JW0662
ECK0665,NAGA,JW0663
ECK0666,NAGB,JW0664
ECK0667,NAGE,JW0665
ECK0669,YBFM,JW0667
ECK0670,YBFN,JW0668
ECK0671,FUR,JW0669
ECK0673,YBFE,JW5816
ECK0674,YBFF,JW0673
ECK0675,SEQA,JW0674
ECK0676,PGM,JW0675
ECK0677,YBFP,JW0676
ECK0679,ybfH,JW5095
ECK0680,POTE,JW0679
ECK0681,SPEF,JW0680
ECK0682,KDPE,JW5096
ECK0683,KDPD,JW0683
ECK0684,KDPC,JW0684
ECK0685,KDPB,JW0685
ECK0686,KDPA,JW0686
ECK0687,KDPF,JW0687
ECK0688,YBFA,JW0688
ECK0690,YBFB,JW0691
ECK0692,YBFC,JW0693
ECK0695,YBFD,JW0696
ECK0696,YBGA,JW0697
ECK0697,PHR,JW0698
ECK0698,YBGH,JW0699
ECK0699,YBGI,JW0700
ECK0700,YBGJ,JW0701
ECK0701,YBGK,JW0702
ECK0702,YBGL,JW0703
ECK0703,NEI,JW0704
ECK0704,ABRB,JW5097
ECK0705,YBGO,JW5098
ECK0706,YBGP,JW0707
ECK0707,YBGQ,JW5099
ECK0708,YBGD,JW0709
ECK0709,GLTA,JW0710
ECK0710,SDHC,JW0711
ECK0711,SDHD,JW0712
ECK0712,SDHA,JW0713
ECK0713,SDHB,JW0714
ECK0714,SUCA,JW0715
ECK0716,SUCC,JW0717
ECK0717,SUCD,JW0718
ECK0718,MNGR,JW0719
ECK0719,MNGA,JW0720
ECK0720,MNGB,JW0721
ECK0722,CYDB,JW0723
ECK0723,YBGT,JW0724
ECK0724,YBGE,JW0725
ECK0725,YBGC,JW0726
ECK0726,TOLQ,JW0727
ECK0727,TOLR,JW0728
ECK0728,TOLA,JW0729
ECK0729,TOLB,JW5100
ECK0730,PAL,JW0731
ECK0731,YBGF,JW0732
ECK0739,NADA,JW0733
ECK0740,PNUC,JW0734
ECK0741,ZITB,JW5101
ECK0742,YBGS,JW0736
ECK0743,AROG,JW0737
ECK0744,GPMA,JW0738
ECK0745,GALM,JW0739
ECK0746,GALK,JW0740
ECK0747,GALT,JW0741
ECK0748,GALE,JW0742
ECK0749,MODF,JW0743
ECK0750,MODE,JW0744
ECK0751,YBHT,JW5102
ECK0752,MODA,JW0746
ECK0753,MODB,JW0747
ECK0754,MODC,JW0748
ECK0755,YBHA,JW0749
ECK0757,YBHD,JW5896
ECK0758,YBHH,JW0752
ECK0759,YBHI,JW0753
ECK0760,YBHJ,JW5103
ECK0761,YBHC,JW0755
ECK0762,YBHB,JW0756
ECK0763,BIOA,JW0757
ECK0764,BIOB,JW0758
ECK0765,BIOF,JW0759
ECK0766,BIOC,JW0760
ECK0767,BIOD,JW0761
ECK0768,UVRB,JW0762
ECK0769,YBHK,JW0763
ECK0770,MOAA,JW0764
ECK0772,MOAC,JW0766
ECK0773,MOAD,JW0767
ECK0774,MOAE,JW0768
ECK0775,YBHL,JW0769
ECK0776,YBHM,JW0770
ECK0777,YBHN,JW0771
ECK0778,YBHO,JW0772
ECK0779,YBHP,JW0773
ECK0780,YBHQ,JW0774
ECK0781,YBHR,JW5803
ECK0782,YBHS,JW0777
ECK0783,YBHF,JW5104
ECK0784,YBHG,JW0779
ECK0785,YBIH,JW0780
ECK0786,RHLE,JW0781
ECK0787,YBIA,JW0783
ECK0788,DING,JW0784
ECK0789,YBIB,JW0785
ECK0790,YBIC,JW0786
ECK0791,YBIJ,JW0787
ECK0792,YBII,JW0788
ECK0793,YBIX,JW5105
ECK0794,FIU,JW0790
ECK0797,YBIO,JW5108
ECK0798,GLNQ,JW0794
ECK0799,GLNP,JW0795
ECK0800,GLNH,JW0796
ECK0801,DPS,JW0797
ECK0802,RHTA,JW0798
ECK0803,OMPX,JW0799
ECK0804,YBIP,JW0800
ECK0807,MNTR,JW0801
ECK0808,YBIR,JW0802
ECK0809,YBIS,JW0803
ECK0810,YBIT,JW0804
ECK0811,YBIU,JW0805
ECK0812,YBIV,JW0806
ECK0813,YBIW,JW0807
ECK0814,YBIY,JW0808
ECK0815,FSAA,JW5109
ECK0817,MOEA,JW0811
ECK0818,IAAA,JW0812
ECK0823,YLIE,JW0817
ECK0824,YLIF,JW0818
ECK0827,YLII,JW0821
ECK0828,YLIJ,JW0822
ECK0829,DACC,JW0823
ECK0830,DEOR,JW0824
ECK0831,YBJG,JW5112
ECK0832,CMR,JW0826
ECK0833,YBJH,JW0827
ECK0834,YBJI,JW5113
ECK0835,YBJJ,JW0829
ECK0836,YBJK,JW5114
ECK0838,YBJL,JW0831
ECK0839,YBJM,JW0832
ECK0840,GRXA,JW0833
ECK0841,YBJC,JW0834
ECK0842,NFSA,JW0835
ECK0843,RIMK,JW0836
ECK0844,YBJN,JW0837
ECK0845,POTF,JW0838
ECK0846,POTG,JW5818
ECK0847,POTH,JW0840
ECK0848,POTI,JW0841
ECK0849,YBJO,JW0842
ECK0850,RUMB,JW0843
ECK0851,ARTJ,JW0844
ECK0852,ARTM,JW0845
ECK0853,ARTQ,JW0846
ECK0854,ARTI,JW0847
ECK0855,ARTP,JW0848
ECK0856,YBJP,JW0849
ECK0857,YBJQ,JW0850
ECK0859,YBJS,JW5819
ECK0860,YBJT,JW5116
ECK0861,LTAE,JW0854
ECK0862,POXB,JW0855
ECK0863,HCR,JW5117
ECK0864,HCP,JW0857
ECK0865,YBJE,JW0858
ECK0866,AQPZ,JW0859
ECK0867,YBJD,JW0860
ECK0868,YBJX,JW0861
ECK0869,MACA,JW0862
ECK0870,MACB,JW0863
ECK0871,CSPD,JW0864
ECK0872,CLPS,JW0865
ECK0873,CLPA,JW0866
ECK0876,AAT,JW0868
ECK0878,CYDD,JW0870
ECK0879,TRXB,JW0871
ECK0880,LRP,JW0872
ECK0885,DMSA,JW5118
ECK0886,DMSB,JW0878
ECK0887,DMSC,JW0879
ECK0888,YCAC,JW0880
ECK0889,YCAD,JW0881
ECK0890,YCAM,JW5119
ECK0891,YCAN,JW0883
ECK0892,YCAK,JW0884
ECK0893,PFLA,JW0885
ECK0894,PFLB,JW0886
ECK0895,FOCA,JW0887
ECK0896,YCAO,JW0888
ECK0897,YCAP,JW0889
ECK0898,SERC,JW0890
ECK0899,AROA,JW0891
ECK0900,YCAL,JW0892
ECK0901,CMK,JW0893
ECK0903,IHFB,JW0895
ECK0904,YCAI,JW5120
ECK0907,YCAQ,JW0899
ECK0908,YCAR,JW0900
ECK0910,YCBJ,JW0902
ECK0911,YCBC,JW0903
ECK0912,SMTA,JW0904
ECK0916,YCBB,JW0908
ECK0917,YCBK,JW0909
ECK0918,YCBL,JW0910
ECK0919,ASPC,JW0911
ECK0920,OMPF,JW0912
ECK0922,PNCB,JW0914
ECK0923,PEPN,JW0915
ECK0924,SSUB,JW0916
ECK0925,SSUC,JW5121
ECK0926,SSUD,JW0918
ECK0927,SSUA,JW0919
ECK0928,SSUE,JW0920
ECK0929,YCBQ,JW5122
ECK0930,YCBR,JW0922
ECK0931,YCBS,JW0923
ECK0932,YCBT,JW0924
ECK0933,YCBU,JW0925
ECK0934,YCBV,JW5123
ECK0935,YCBF,JW5124
ECK0936,PYRD,JW0928
ECK0937,YCBW,JW5125
ECK0938,YCBX,JW5126
ECK0940,UUP,JW0932
ECK0941,PQIA,JW0933
ECK0942,PQIB,JW0934
ECK0943,YMBA,JW5127
ECK0944,RMF,JW0936
ECK0946,YCBZ,JW0938
ECK0947,YCBG,JW0939
ECK0948,OMPA,JW0940
ECK0949,SULA,JW0941
ECK0951,YCCS,JW5128
ECK0952,YCCF,JW0944
ECK0953,HELD,JW0945
ECK0954,MGSA,JW5129
ECK0955,YCCT,JW0947
ECK0956,YCCU,JW5130
ECK0958,YCCW,JW5898
ECK0959,YCCX,JW5131
ECK0960,YCCK,JW0952
ECK0961,YCCA,JW0953
ECK0963,HYAA,JW0954
ECK0964,HYAB,JW0955
ECK0965,HYAC,JW0956
ECK0966,HYAD,JW0957
ECK0967,HYAE,JW0958
ECK0968,HYAF,JW0959
ECK0969,APPC,JW0960
ECK0970,APPB,JW0961
ECK0971,APPA,JW0963
ECK0973,ETP,JW5132
ECK0979,CSPH,JW5134
ECK0980,CSPG,JW0974
ECK0981,YMCE,JW0975
ECK0982,GNSA,JW0976
ECK0983,YCCM,JW0977
ECK0984,TORS,JW5135
ECK0985,TORT,JW0979
ECK0986,TORR,JW0980
ECK0987,TORC,JW0981
ECK0988,TORA,JW0982
ECK0989,TORD,JW0983
ECK0990,CBPM,JW0984
ECK0991,CBPA,JW0985
ECK0992,YCCE,JW0986
ECK0993,AGP,JW0987
ECK0994,YCCJ,JW0988
ECK0995,WRBA,JW0989
ECK0996,YMDF,JW5136
ECK1005,PUTA,JW0999
ECK1006,PUTP,JW1001
ECK1010,PHOH,JW1005
ECK1015,YCDT,JW5143
ECK1017,YCDU,JW1015
ECK1020,YCDX,JW1017
ECK1021,YCDY,JW1018
ECK1022,YCDZ,JW5147
ECK1023,CSGG,JW1020
ECK1024,CSGF,JW1021
ECK1025,CSGE,JW1022
ECK1026,CSGD,JW1023
ECK1027,CSGB,JW1024
ECK1028,CSGA,JW1025
ECK1029,CSGC,JW1026
ECK1030,YMDA,JW1031
ECK1031,YMDB,JW1032
ECK1032,YMDC,JW5150
ECK1033,MDOC,JW1034
ECK1034,MDOG,JW1035
ECK1035,MDOH,JW1037
ECK1036,YCEK,JW5151
ECK1037,MSYB,JW1039
ECK1038,MDTG,JW1040
ECK1039,LPXL,JW1041
ECK1040,YCEA,JW1042
ECK1041,YCEI,JW1043
ECK1042,YCEJ,JW1044
ECK1043,YCEO,JW1045
ECK1044,SOLA,JW1046
ECK1046,DINI,JW1048
ECK1047,PYRC,JW1049
ECK1048,YCEB,JW1050
ECK1049,GRXB,JW1051
ECK1050,MDTH,JW1052
ECK1051,RIMJ,JW1053
ECK1052,YCEH,JW1054
ECK1055,FLGN,JW1057
ECK1058,FLGB,JW1060
ECK1059,FLGC,JW1061
ECK1060,FLGD,JW1062
ECK1061,FLGE,JW1063
ECK1062,FLGF,JW1064
ECK1063,FLGG,JW1065
ECK1064,FLGH,JW5153
ECK1065,FLGI,JW1067
ECK1066,FLGJ,JW1068
ECK1067,FLGK,JW1069
ECK1068,FLGL,JW1070
ECK1071,RLUC,JW5154
ECK1072,YCEF,JW1072
ECK1074,YCED,JW1074
ECK1075,RPMF,JW1075
ECK1076,PLSX,JW5156
ECK1077,FABH,JW1077
ECK1081,FABF,JW1081
ECK1082,PABC,JW1082
ECK1083,YCEG,JW1083
ECK1086,YCFH,JW1086
ECK1087,PTSG,JW1087
ECK1088,FHUE,JW1088
ECK1089,HINT,JW1089
ECK1090,YCFL,JW1090
ECK1091,YCFM,JW5157
ECK1093,NAGZ,JW1093
ECK1094,YCFP,JW5158
ECK1095,NDH,JW1095
ECK1096,YCFJ,JW1096
ECK1097,YCFQ,JW5159
ECK1099,YCFS,JW5820
ECK1100,MFD,JW1100
ECK1101,YCFT,JW1101
ECK1106,COBB,JW1106
ECK1107,YCFZ,JW1107
ECK1108,YMFA,JW5164
ECK1109,POTD,JW1109
ECK1110,POTC,JW1110
ECK1111,POTB,JW1111
ECK1112,POTA,JW1112
ECK1113,PEPT,JW1113
ECK1114,YCFD,JW1114
ECK1115,PHOQ,JW1115
ECK1116,PHOP,JW1116
ECK1118,HFLD,JW5165
ECK1122,ICD,JW1122
ECK1123,YMFD,JW1123
ECK1124,YMFE,JW5166
ECK1125,LIT,JW1125
ECK1126,INTE,JW1126
ECK1129,YMFI,JW5168
ECK1130,YMFJ,JW1130
ECK1133,YMFL,JW1133
ECK1134,YMFM,JW1134
ECK1135,YMFN,JW1135
ECK1136,YMFR,JW1136
ECK1139,YMFQ,JW1139
ECK1140,YCFK,JW1140
ECK1142,TFAE,JW1142
ECK1145,MCRA,JW1145
ECK1148,YCGX,JW1148
ECK1149,YCGE,JW1149
ECK1150,YCGF,JW1150
ECK1151,YCGZ,JW1151
ECK1152,YMGA,JW1152
ECK1154,YMGC,JW1154
ECK1155,YCGG,JW5174
ECK1156,YMGF,JW1156
ECK1158,YMGD,JW5177
ECK1159,ymgG,JW5178
ECK1160,ymgH,JW5179
ECK1164,MINC,JW1165
ECK1165,YCGJ,JW1166
ECK1166,YCGK,JW1167
ECK1167,YCGL,JW1168
ECK1168,YCGM,JW1169
ECK1169,YCGN,JW5180
ECK1170,HLYE,JW5181
ECK1171,UMUD,JW1172
ECK1172,UMUC,JW1173
ECK1173,DSBB,JW5182
ECK1174,NHAB,JW1175
ECK1175,FADR,JW1176
ECK1176,YCGB,JW1177
ECK1177,DADA,JW1178
ECK1178,DADX,JW1179
ECK1179,CVRA,JW5184
ECK1180,LDCA,JW1181
ECK1181,EMTA,JW5821
ECK1182,YCGR,JW1183
ECK1183,YMGE,JW1184
ECK1184,YCGY,JW1185
ECK1185,TREA,JW1186
ECK1187,DHAL,JW5186
ECK1188,DHAK,JW5187
ECK1189,DHAR,JW5188
ECK1190,YCGV,JW1193
ECK1191,YCHF,JW1194
ECK1193,YCHH,JW1196
ECK1194,YCHM,JW5189
ECK1201,YCHQ,JW1204
ECK1202,YCHA,JW1205
ECK1210,CHAA,JW1207
ECK1211,CHAB,JW1208
ECK1212,CHAC,JW1209
ECK1213,YCHN,JW1210
ECK1215,NARL,JW1212
ECK1216,NARX,JW1213
ECK1217,NARK,JW1214
ECK1218,NARG,JW1215
ECK1219,NARH,JW1216
ECK1220,NARJ,JW1217
ECK1221,NARI,JW1218
ECK1227,PURU,JW1220
ECK1228,YCHJ,JW1221
ECK1229,RSSA,JW1222
ECK1230,RSSB,JW1223
ECK1231,GALU,JW1224
ECK1232,HNS,JW1225
ECK1233,TDK,JW1226
ECK1235,ADHE,JW1228
ECK1236,YCHE,JW1229
ECK1237,OPPA,JW1235
ECK1238,OPPB,JW1236
ECK1239,OPPC,JW1237
ECK1240,OPPD,JW1238
ECK1241,OPPF,JW1239
ECK1242,YCIU,JW1240
ECK1243,CLS,JW1241
ECK1244,KCH,JW1242
ECK1245,YCII,JW1243
ECK1246,TONB,JW5195
ECK1247,YCIA,JW1245
ECK1248,YCIB,JW1246
ECK1249,YCIC,JW1247
ECK1250,OMPW,JW1248
ECK1251,YCIE,JW1249
ECK1252,YCIF,JW1250
ECK1253,YCIG,JW1251
ECK1254,TRPA,JW1252
ECK1255,TRPB,JW1253
ECK1256,TRPC,JW1254
ECK1257,TRPD,JW1255
ECK1258,TRPE,JW1256
ECK1260,YCIV,JW1258
ECK1261,YCIO,JW5196
ECK1262,YCIQ,JW5197
ECK1263,RLUB,JW1261
ECK1264,BTUR,JW1262
ECK1265,YCIK,JW1263
ECK1266,SOHB,JW1264
ECK1267,YCIN,JW1265
ECK1269,CYSB,JW1267
ECK1271,ACNA,JW1268
ECK1273,PGPB,JW1270
ECK1274,YCIS,JW1271
ECK1275,YCIM,JW1272
ECK1276,PYRF,JW1273
ECK1277,YCIH,JW1274
ECK1278,OSMB,JW1275
ECK1279,YCIT,JW1276
ECK1280,GMR,JW1278
ECK1281,RNB,JW1279
ECK1282,YCIW,JW5200
ECK1284,YCJD,JW1282
ECK1285,SAPF,JW1283
ECK1286,SAPD,JW1284
ECK1287,SAPC,JW1285
ECK1288,SAPB,JW1286
ECK1289,SAPA,JW1287
ECK1290,YMJA,JW1288
ECK1291,PUUP,JW1289
ECK1292,PUUA,JW5201
ECK1293,PUUD,JW1291
ECK1294,PUUR,JW1292
ECK1295,PUUC,JW1293
ECK1296,PUUB,JW1294
ECK1297,PUUE,JW1295
ECK1298,PSPF,JW1296
ECK1299,PSPA,JW1297
ECK1300,PSPB,JW1298
ECK1301,PSPC,JW1299
ECK1302,PSPD,JW1300
ECK1303,PSPE,JW1301
ECK1304,YCJM,JW1302
ECK1305,YCJN,JW1303
ECK1306,YCJO,JW1304
ECK1307,YCJP,JW1305
ECK1308,YCJQ,JW1306
ECK1309,YCJR,JW5202
ECK1310,YCJS,JW1308
ECK1311,YCJT,JW1309
ECK1312,YCJU,JW1310
ECK1315,OMPG,JW1312
ECK1316,YCJW,JW1313
ECK1317,YCJX,JW1314
ECK1318,YCJF,JW1315
ECK1319,TYRR,JW1316
ECK1320,TPX,JW1317
ECK1321,YCJG,JW1318
ECK1322,MPAA,JW1319
ECK1324,YCJY,JW5804
ECK1325,YCJZ,JW1321
ECK1326,MPPA,JW1322
ECK1327,YNAI,JW1323
ECK1328,YNAJ,JW1326
ECK1329,USPE,JW1327
ECK1330,FNR,JW1328
ECK1331,OGT,JW1329
ECK1332,ABGT,JW5822
ECK1334,ABGA,JW5205
ECK1335,ABGR,JW1333
ECK1337,YDAL,JW1334
ECK1338,YDAM,JW5206
ECK1339,YDAN,JW1336
ECK1340,DBPA,JW1337
ECK1342,INTR,JW1339
ECK1343,YDAQ,JW5207
ECK1344,YDAC,JW1341
ECK1345,LAR,JW5208
ECK1346,RECT,JW1343
ECK1347,RECE,JW1344
ECK1348,RACC,JW1345
ECK1349,YDAE,JW1346
ECK1351,SIEB,JW5209
ECK1352,YDAF,JW1349
ECK1353,YDAG,JW5210
ECK1355,YDAS,JW1352
ECK1356,YDAT,JW1353
ECK1357,YDAU,JW1354
ECK1358,YDAV,JW1355
ECK1361,RZOR,JW5213
ECK1362,TRKG,JW1358
ECK1363,YNAK,JW1359
ECK1367,STFR,JW1366
ECK1370,YNAE,JW1369
ECK1371,USPF,JW1370
ECK1372,OMPN,JW1371
ECK1374,YDBK,JW1372
ECK1375,YDBJ,JW5215
ECK1376,HSLJ,JW1374
ECK1377,LDHA,JW1375
ECK1378,YDBH,JW1376
ECK1379,YNBE,JW1377
ECK1380,YDBL,JW5216
ECK1381,FEAR,JW1379
ECK1382,FEAB,JW1380
ECK1383,TYNA,JW1381
ECK1384,MAOC,JW1382
ECK1385,PAAA,JW1383
ECK1386,PAAB,JW1384
ECK1387,PAAC,JW1385
ECK1388,PAAD,JW5217
ECK1389,PAAE,JW1387
ECK1390,PAAF,JW1388
ECK1391,PAAG,JW1389
ECK1392,PAAH,JW1390
ECK1393,PAAI,JW1391
ECK1394,PAAJ,JW1392
ECK1395,PAAK,JW5218
ECK1396,PAAX,JW1394
ECK1397,PAAY,JW1395
ECK1399,YDBC,JW1403
ECK1400,YDBD,JW5221
ECK1401,YNBA,JW1405
ECK1402,YNBB,JW1406
ECK1403,YNBC,JW1407
ECK1404,YNBD,JW1408
ECK1405,AZOR,JW1409
ECK1406,HRPA,JW5905
ECK1407,YDCF,JW1411
ECK1408,ALDA,JW1412
ECK1410,CYBB,JW5224
ECK1411,YDCA,JW1416
ECK1412,HOKB,JW5225
ECK1415,TRG,JW1417
ECK1416,YDCI,JW5226
ECK1417,YDCJ,JW1419
ECK1418,MDOD,JW1420
ECK1419,YDCH,JW5823
ECK1420,RIML,JW1423
ECK1421,YDCK,JW1424
ECK1422,TEHA,JW1425
ECK1423,TEHB,JW1426
ECK1424,YDCL,JW1427
ECK1426,YDCM,JW5228
ECK1427,YDCO,JW5229
ECK1428,YDCN,JW1430
ECK1429,YDCP,JW1431
ECK1430,YNCJ,JW1432
ECK1431,YNCN,JW5230
ECK1432,YDCQ,JW1433
ECK1433,YDCR,JW1434
ECK1434,YDCS,JW1435
ECK1435,YDCT,JW1436
ECK1436,YDCU,JW1437
ECK1437,YDCV,JW1438
ECK1438,YDCW,JW1439
ECK1439,YDCX,JW5232
ECK1440,YDCY,JW1441
ECK1441,YDCZ,JW1442
ECK1442,YNCA,JW5233
ECK1443,YNCB,JW5907
ECK1445,YNCD,JW1446
ECK1446,YNCE,JW1447
ECK1447,ANSP,JW5234
ECK1448,YNCG,JW1449
ECK1449,YNCH,JW5235
ECK1451,YDCD,JW1452
ECK1453,yncM,JW5237
ECK1456,YDDH,JW1457
ECK1457,NHOA,JW1458
ECK1458,YDDE,JW1459
ECK1459,NARV,JW1460
ECK1460,NARW,JW1461
ECK1461,NARY,JW1462
ECK1462,NARZ,JW1463
ECK1463,NARU,JW1464
ECK1464,YDDJ,JW1466
ECK1467,YDDG,JW1469
ECK1468,FDNG,JW1470
ECK1469,FDNH,JW1471
ECK1470,FDNI,JW1472
ECK1471,YDDM,JW5908
ECK1472,ADHP,JW1474
ECK1474,SRA,JW5962
ECK1475,BDM,JW5239
ECK1476,OSMC,JW1477
ECK1477,DDPF,JW1478
ECK1478,DDPD,JW1479
ECK1479,DDPC,JW1480
ECK1480,DDPB,JW1481
ECK1481,DDPA,JW5240
ECK1482,DDPX,JW1483
ECK1483,DOS,JW1484
ECK1484,YDDV,JW5241
ECK1485,YDDW,JW1486
ECK1486,GADC,JW1487
ECK1488,PQQL,JW1489
ECK1489,YDDB,JW1490
ECK1490,YDDA,JW5242
ECK1491,YDEM,JW1492
ECK1492,YDEN,JW5243
ECK1493,YDEO,JW1494
ECK1494,YDEP,JW1495
ECK1495,YDEQ,JW1496
ECK1496,YDER,JW1497
ECK1497,YDES,JW1498
ECK1500,HIPA,JW1500
ECK1501,HIPB,JW1501
ECK1502,YDEU,JW1502
ECK1503,YDEK,JW1503
ECK1507,LSRC,JW1507
ECK1508,LSRD,JW1508
ECK1509,LSRB,JW1509
ECK1510,LSRF,JW1510
ECK1511,LSRG,JW1511
ECK1512,TAM,JW1512
ECK1513,YNEE,JW5245
ECK1514,UXAB,JW1514
ECK1515,YNEF,JW5825
ECK1516,YNEG,JW1516
ECK1517,YNEH,JW1517
ECK1519,YNEJ,JW1519
ECK1520,YNEK,JW1520
ECK1521,YDEA,JW1521
ECK1522,MARC,JW1522
ECK1523,MARR,JW5248
ECK1524,MARA,JW5249
ECK1525,MARB,JW1525
ECK1526,EAMA,JW5250
ECK1527,YDEE,JW1527
ECK1528,YDEH,JW1528
ECK1529,YDEI,JW1529
ECK1530,YDEJ,JW1530
ECK1531,DCP,JW1531
ECK1532,YDFG,JW1532
ECK1533,YDFH,JW1533
ECK1534,YDFZ,JW1534
ECK1535,YDFI,JW1535
ECK1542,YNFO,JW1541
ECK1543,YDFO,JW5251
ECK1545,YNFN,JW5254
ECK1546,CSPI,JW1544
ECK1547,YDFP,JW1545
ECK1549,YDFR,JW1547
ECK1550,ESSQ,JW5255
ECK1551,CSPB,JW1549
ECK1552,CSPF,JW1550
ECK1554,YDFU,JW5909
ECK1555,REM,JW1553
ECK1557,RELE,JW1555
ECK1558,RELB,JW1556
ECK1559,YDFV,JW1557
ECK1560,FLXA,JW1558
ECK1561,YDFW,JW1559
ECK1562,YDFX,JW1560
ECK1563,DICC,JW1561
ECK1565,YDFA,JW1563
ECK1566,YDFB,JW1564
ECK1570,YDFD,JW1567
ECK1575,RSPB,JW1572
ECK1576,RSPA,JW1573
ECK1577,YNFA,JW1574
ECK1578,YNFB,JW1575
ECK1580,YNFC,JW5258
ECK1581,YNFD,JW5259
ECK1582,YNFE,JW1579
ECK1583,YNFF,JW5260
ECK1584,YNFG,JW1581
ECK1585,YNFH,JW5261
ECK1586,DMSD,JW5262
ECK1587,CLCB,JW5263
ECK1588,YNFK,JW5264
ECK1589,DGSA,JW1586
ECK1590,YNFL,JW1587
ECK1591,YNFM,JW1588
ECK1592,ASR,JW5826
ECK1593,YDGD,JW1590
ECK1594,MDTI,JW1591
ECK1595,MDTJ,JW1592
ECK1597,PNTB,JW1594
ECK1598,PNTA,JW1595
ECK1599,YDGH,JW1596
ECK1600,YDGI,JW1597
ECK1601,FOLM,JW1598
ECK1602,YDGC,JW1599
ECK1603,RSTA,JW1600
ECK1604,RSTB,JW1601
ECK1605,TUS,JW1602
ECK1606,FUMC,JW1603
ECK1607,FUMA,JW1604
ECK1608,MANA,JW1605
ECK1609,YDGA,JW1606
ECK1610,UIDC,JW1607
ECK1612,UIDA,JW1609
ECK1613,UIDR,JW1610
ECK1614,HDHA,JW1611
ECK1615,MALI,JW1612
ECK1617,MALY,JW1614
ECK1618,ADD,JW1615
ECK1619,YDGJ,JW5265
ECK1620,BLR,JW5963
ECK1622,YDGK,JW1618
ECK1623,RSXA,JW1619
ECK1624,RSXB,JW1620
ECK1625,RSXC,JW1621
ECK1626,RSXD,JW1622
ECK1627,RSXG,JW1623
ECK1628,RSXE,JW1624
ECK1629,NTH,JW1625
ECK1631,GST,JW1627
ECK1632,PDXY,JW1628
ECK1634,PDXH,JW1630
ECK1637,SLYB,JW1633
ECK1638,SLYA,JW5267
ECK1639,YDHI,JW1635
ECK1640,YDHJ,JW1636
ECK1641,YDHK,JW1637
ECK1642,SODC,JW1638
ECK1643,YDHF,JW1639
ECK1644,YDHL,JW5827
ECK1646,NEMA,JW1642
ECK1647,GLOA,JW1643
ECK1648,RNT,JW1644
ECK1649,LHR,JW1645
ECK1651,YDHO,JW5270
ECK1652,SODB,JW1648
ECK1653,YDHP,JW1649
ECK1654,PURR,JW1650
ECK1655,YDHB,JW1651
ECK1656,YDHC,JW1652
ECK1657,CFA,JW1653
ECK1659,MDTK,JW1655
ECK1663,YDHR,JW1657
ECK1664,YDHS,JW1658
ECK1665,YDHT,JW1659
ECK1666,YDHU,JW1660
ECK1667,YDHX,JW5271
ECK1668,YDHW,JW1662
ECK1669,YDHV,JW5272
ECK1670,YDHY,JW1664
ECK1671,YDHZ,JW1665
ECK1672,PYKF,JW1666
ECK1673,LPP,JW1667
ECK1674,YNHG,JW1668
ECK1675,SUFE,JW1669
ECK1676,SUFS,JW1670
ECK1677,SUFD,JW1671
ECK1678,SUFC,JW1672
ECK1679,SUFB,JW5273
ECK1680,SUFA,JW1674
ECK1682,YDIH,JW1675
ECK1683,YDII,JW1676
ECK1684,YDIJ,JW1677
ECK1685,YDIK,JW1678
ECK1688,YDIM,JW1680
ECK1689,YDIN,JW5274
ECK1690,YDIB,JW1682
ECK1692,YDIF,JW1684
ECK1693,YDIO,JW5275
ECK1694,YDIP,JW1686
ECK1695,YDIQ,JW5276
ECK1696,YDIR,JW1688
ECK1697,YDIS,JW1689
ECK1698,YDIT,JW1690
ECK1700,PPS,JW1692
ECK1701,YDIA,JW1693
ECK1702,AROH,JW1694
ECK1703,YDIE,JW1695
ECK1704,YDIU,JW1696
ECK1705,YDIV,JW1697
ECK1706,NLPC,JW1698
ECK1707,BTUD,JW1699
ECK1708,BTUE,JW1700
ECK1709,BTUC,JW1701
ECK1710,IHFA,JW1702
ECK1715,RPMI,JW1707
ECK1719,YNID,JW5911
ECK1720,YDIY,JW1711
ECK1721,PFKB,JW5280
ECK1722,YDIZ,JW1713
ECK1723,YNIA,JW1714
ECK1724,YNIB,JW1715
ECK1725,YNIC,JW1716
ECK1726,YDJM,JW5281
ECK1727,YDJN,JW1718
ECK1728,YDJO,JW1719
ECK1729,CEDA,JW1720
ECK1730,KATE,JW1721
ECK1731,CHBG,JW1722
ECK1732,CHBF,JW1723
ECK1733,CHBR,JW1724
ECK1734,CHBA,JW1725
ECK1735,CHBC,JW1726
ECK1736,CHBB,JW1727
ECK1737,OSME,JW1728
ECK1741,SPY,JW1732
ECK1742,ASTE,JW1733
ECK1744,ASTD,JW5282
ECK1745,ASTA,JW1736
ECK1746,ASTC,JW1737
ECK1747,XTHA,JW1738
ECK1748,YDJX,JW1739
ECK1749,YDJY,JW5283
ECK1750,YDJZ,JW1741
ECK1751,YNJA,JW1742
ECK1752,YNJB,JW5284
ECK1753,YNJC,JW5285
ECK1754,YNJD,JW5286
ECK1755,YNJE,JW5287
ECK1756,YNJF,JW1747
ECK1757,NUDG,JW1748
ECK1759,GDHA,JW1750
ECK1760,YNJI,JW5288
ECK1761,TOPB,JW1752
ECK1762,SELD,JW1753
ECK1763,YDJA,JW1754
ECK1764,SPPA,JW1755
ECK1765,ANSA,JW1756
ECK1766,PNCA,JW1757
ECK1767,YDJE,JW1758
ECK1768,YDJF,JW1759
ECK1769,YDJG,JW1760
ECK1770,YDJH,JW5289
ECK1771,YDJI,JW1762
ECK1772,YDJJ,JW1763
ECK1773,YDJK,JW5290
ECK1774,YDJL,JW1765
ECK1778,YEAD,JW1769
ECK1779,YEAE,JW1770
ECK1780,MIPA,JW1771
ECK1781,YEAG,JW1772
ECK1782,YEAH,JW1773
ECK1783,YEAI,JW1774
ECK1784,YEAJ,JW5291
ECK1787,YEAL,JW1778
ECK1788,YEAM,JW1779
ECK1789,YEAN,JW1780
ECK1790,YEAO,JW1781
ECK1792,YEAP,JW5292
ECK1793,YEAQ,JW1784
ECK1797,YEAT,JW1788
ECK1798,YEAU,JW1789
ECK1799,YEAV,JW5293
ECK1800,YEAW,JW5294
ECK1801,YEAX,JW1792
ECK1802,RND,JW1793
ECK1803,FADD,JW1794
ECK1804,YEAY,JW1795
ECK1806,YOAA,JW1797
ECK1807,YOAB,JW5295
ECK1808,YOAC,JW5296
ECK1809,YOAH,JW1800
ECK1810,PABB,JW1801
ECK1812,SDAA,JW1803
ECK1813,YOAD,JW1804
ECK1814,YOAE,JW1805
ECK1815,MANX,JW1806
ECK1816,MANY,JW1807
ECK1817,MANZ,JW1808
ECK1818,YOBD,JW1809
ECK1819,YEBN,JW5830
ECK1820,RRMA,JW1811
ECK1821,CSPC,JW1812
ECK1822,YOBF,JW1813
ECK1823,YEBO,JW1814
ECK1825,YOBH,JW5298
ECK1826,KDGR,JW1816
ECK1827,YEBQ,JW5299
ECK1828,HTPX,JW1818
ECK1830,PROQ,JW5300
ECK1831,YEBR,JW1821
ECK1832,YEBS,JW1822
ECK1833,YEBT,JW1823
ECK1835,YEBV,JW5302
ECK1836,YEBW,JW5303
ECK1837,PPHA,JW1827
ECK1840,YEBY,JW1828
ECK1841,YEBZ,JW1829
ECK1842,YOBA,JW1830
ECK1843,HOLE,JW1831
ECK1844,YOBB,JW1832
ECK1845,EXOX,JW1833
ECK1846,PTRB,JW1834
ECK1847,YEBE,JW1835
ECK1848,YEBF,JW1836
ECK1849,YEBG,JW1837
ECK1850,PURT,JW1838
ECK1851,EDA,JW1839
ECK1852,EDD,JW1840
ECK1853,ZWF,JW1841
ECK1854,YEBK,JW1842
ECK1855,PYKA,JW1843
ECK1856,LPXM,JW1844
ECK1857,YEBA,JW5304
ECK1858,ZNUA,JW5831
ECK1860,ZNUB,JW1848
ECK1861,RUVB,JW1849
ECK1862,RUVA,JW1850
ECK1863,YEBB,JW5306
ECK1864,RUVC,JW1852
ECK1865,YEBC,JW1853
ECK1866,NUDB,JW1854
ECK1868,YECD,JW5307
ECK1869,YECE,JW1857
ECK1870,YECN,JW5308
ECK1873,TORZ,JW1861
ECK1874,TORY,JW1862
ECK1875,CUTC,JW1863
ECK1876,YECM,JW5309
ECK1878,YECT,JW5310
ECK1879,FLHE,JW1867
ECK1880,FLHA,JW1868
ECK1881,FLHB,JW1869
ECK1882,CHEZ,JW1870
ECK1883,CHEY,JW1871
ECK1884,CHEB,JW1872
ECK1885,CHER,JW1873
ECK1886,TAP,JW1874
ECK1887,TAR,JW1875
ECK1888,CHEW,JW1876
ECK1889,CHEA,JW1877
ECK1890,MOTB,JW1878
ECK1891,MOTA,JW1879
ECK1892,FLHC,JW1880
ECK1893,FLHD,JW1881
ECK1895,OTSA,JW5312
ECK1896,OTSB,JW1886
ECK1897,ARAH,JW1887
ECK1898,ARAG,JW1888
ECK1899,ARAF,JW1889
ECK1901,YECJ,JW1891
ECK1903,YECR,JW1892
ECK1905,YECH,JW1894
ECK1906,TYRP,JW1895
ECK1907,YECA,JW1896
ECK1912,UVRC,JW1898
ECK1913,UVRY,JW1899
ECK1914,YECF,JW1900
ECK1915,SDIA,JW1901
ECK1916,YECC,JW1902
ECK1917,YECS,JW1903
ECK1919,FLIY,JW1905
ECK1920,FLIZ,JW1906
ECK1922,FLIC,JW1908
ECK1923,FLID,JW1909
ECK1924,FLIS,JW1910
ECK1925,FLIT,JW1911
ECK1926,AMYA,JW1912
ECK1927,YEDD,JW1913
ECK1928,YEDE,JW1914
ECK1929,YEDF,JW1915
ECK1930,YEDK,JW1916
ECK1931,YEDL,JW1917
ECK1933,yedM,JW1920
ECK1935,FLIE,JW1921
ECK1936,FLIF,JW1922
ECK1937,FLIG,JW1923
ECK1938,FLIH,JW1924
ECK1939,FLII,JW1925
ECK1940,FLIJ,JW1926
ECK1941,FLIK,JW1927
ECK1942,FLIL,JW1928
ECK1943,FLIM,JW1929
ECK1944,FLIN,JW1930
ECK1945,FLIO,JW5316
ECK1946,FLIP,JW1932
ECK1947,FLIQ,JW1933
ECK1948,FLIR,JW1934
ECK1949,RCSA,JW1935
ECK1950,DSRB,JW1936
ECK1951,YODD,JW5317
ECK1953,YEDP,JW1938
ECK1954,YEDQ,JW5832
ECK1955,YODC,JW1940
ECK1956,YEDI,JW1941
ECK1957,YEDA,JW1942
ECK1958,VSR,JW1943
ECK1959,DCM,JW1944
ECK1960,YEDJ,JW1945
ECK1961,YEDR,JW1946
ECK1963,HCHA,JW1950
ECK1964,YEDV,JW1951
ECK1965,YEDW,JW5322
ECK1966,YEDX,JW1953
ECK1967,YEDY,JW1954
ECK1968,YEDZ,JW1955
ECK1969,YODA,JW1956
ECK1970,YODB,JW5323
ECK1974,YEEJ,JW5833
ECK1976,SHIA,JW1962
ECK1977,AMN,JW1963
ECK1978,YEEN,JW1964
ECK1980,YEEO,JW1965
ECK1982,CBL,JW1966
ECK1983,NAC,JW1967
ECK1985,ERFK,JW1968
ECK1986,COBT,JW1969
ECK1987,COBS,JW1970
ECK1988,COBU,JW1971
ECK1994,YEER,JW1983
ECK1995,YEES,JW1984
ECK1996,YEET,JW1985
ECK1997,YEEU,JW1986
ECK1998,YEEV,JW1987
ECK2001,YEEX,JW1989
ECK2002,YEEA,JW1990
ECK2003,SBMC,JW1991
ECK2004,DACD,JW5329
ECK2005,SBCB,JW1993
ECK2006,YEED,JW1994
ECK2007,YEEE,JW1995
ECK2008,YEEF,JW5330
ECK2009,YEEY,JW5834
ECK2010,YEEZ,JW1998
ECK2011,YOEB,JW5331
ECK2014,HISG,JW2001
ECK2015,HISD,JW2002
ECK2016,HISC,JW2003
ECK2017,HISB,JW2004
ECK2018,HISH,JW2005
ECK2019,HISA,JW2006
ECK2020,HISF,JW2007
ECK2021,HISI,JW2008
ECK2022,CLD,JW5836
ECK2023,UGD,JW2010
ECK2024,GND,JW2011
ECK2026,WBBK,JW2017
ECK2027,WBBJ,JW2018
ECK2028,WBBI,JW2019
ECK2031,RFBX,JW2022
ECK2032,RFBC,JW2023
ECK2033,RFBA,JW2024
ECK2034,RFBD,JW2025
ECK2035,RFBB,JW2026
ECK2036,GALF,JW2027
ECK2037,WCAM,JW2028
ECK2038,WCAL,JW2029
ECK2039,WCAK,JW2030
ECK2040,WZXC,JW2031
ECK2041,WCAJ,JW2032
ECK2042,CPSG,JW2033
ECK2043,CPSB,JW2034
ECK2044,WCAI,JW2035
ECK2046,FCL,JW2037
ECK2047,GMD,JW2038
ECK2048,WCAF,JW2039
ECK2049,WCAE,JW2040
ECK2050,WCAD,JW2041
ECK2051,WCAC,JW2042
ECK2052,WCAB,JW2043
ECK2053,WCAA,JW2044
ECK2054,WZC,JW2045
ECK2055,WZB,JW2046
ECK2056,WZA,JW2047
ECK2057,YEGH,JW5336
ECK2058,ASMA,JW2049
ECK2059,DCD,JW2050
ECK2060,UDK,JW2051
ECK2061,YEGE,JW2052
ECK2062,ALKA,JW2053
ECK2063,YEGD,JW2054
ECK2064,YEGI,JW2055
ECK2065,YEGJ,JW2056
ECK2066,YEGK,JW2057
ECK2067,YEGL,JW2058
ECK2070,MDTA,JW5338
ECK2071,MDTB,JW2060
ECK2072,MDTC,JW2061
ECK2073,MDTD,JW2062
ECK2074,BAES,JW2063
ECK2075,BAER,JW2064
ECK2076,YEGP,JW5339
ECK2077,YEGQ,JW2066
ECK2079,OGRK,JW2067
ECK2081,YEGR,JW5837
ECK2082,YEGS,JW2070
ECK2084,GATD,JW2075
ECK2085,GATC,JW2076
ECK2086,GATB,JW2077
ECK2088,GATZ,JW2082
ECK2089,GATY,JW5343
ECK2090,FBAB,JW5344
ECK2091,YEGT,JW2085
ECK2092,YEGU,JW2086
ECK2093,YEGV,JW2087
ECK2094,YEGW,JW2088
ECK2095,YEGX,JW5345
ECK2096,THID,JW2090
ECK2097,THIM,JW2091
ECK2100,YOHN,JW5346
ECK2101,YEHA,JW2095
ECK2102,YEHB,JW2096
ECK2103,YEHC,JW2097
ECK2104,YEHD,JW2098
ECK2105,YEHE,JW2099
ECK2106,MRP,JW2100
ECK2109,YEHI,JW2105
ECK2110,YEHK,JW2106
ECK2111,YEHL,JW5349
ECK2112,YEHM,JW2108
ECK2113,YEHP,JW5350
ECK2115,YEHR,JW5351
ECK2116,YEHS,JW2112
ECK2117,YEHT,JW5352
ECK2118,YEHU,JW5353
ECK2119,MLRA,JW2115
ECK2120,YOHO,JW5354
ECK2121,YEHW,JW2116
ECK2122,YEHX,JW2117
ECK2123,YEHY,JW2118
ECK2125,BGLX,JW2120
ECK2126,DLD,JW2121
ECK2127,PBPG,JW5355
ECK2128,YOHC,JW5356
ECK2129,YOHD,JW2124
ECK2130,YOHF,JW2125
ECK2132,yohH,JW5358
ECK2133,DUSC,JW2128
ECK2134,YOHJ,JW2129
ECK2135,YOHK,JW2130
ECK2136,CDD,JW2131
ECK2137,SANA,JW2132
ECK2138,YEIS,JW5359
ECK2139,YEIT,JW2133
ECK2140,YEIA,JW2134
ECK2141,MGLC,JW2135
ECK2142,MGLA,JW2136
ECK2143,MGLB,JW2137
ECK2144,GALS,JW2138
ECK2145,YEIB,JW2139
ECK2147,YEIG,JW2141
ECK2148,CIRA,JW2142
ECK2149,LYSP,JW2143
ECK2150,YEIE,JW2144
ECK2151,YEIH,JW2145
ECK2152,NFO,JW2146
ECK2153,YEII,JW2147
ECK2155,RIHB,JW2149
ECK2156,YEIL,JW2150
ECK2160,FRUA,JW2154
ECK2161,FRUK,JW2155
ECK2162,FRUB,JW2156
ECK2163,SETB,JW2157
ECK2164,YEIW,JW5361
ECK2165,YEIP,JW5362
ECK2166,YEIQ,JW2160
ECK2167,YEIR,JW2161
ECK2169,SPR,JW2163
ECK2170,RTN,JW2164
ECK2171,YEJA,JW2165
ECK2172,YEJB,JW2166
ECK2173,YEJE,JW2167
ECK2174,YEJF,JW2168
ECK2175,YEJG,JW2169
ECK2176,BCR,JW5363
ECK2177,RSUA,JW2171
ECK2178,YEJH,JW2172
ECK2180,YEJK,JW2174
ECK2181,YEJL,JW2175
ECK2185,NARP,JW2181
ECK2186,CCMH,JW2182
ECK2187,CCMG,JW2183
ECK2188,CCMF,JW2184
ECK2189,CCME,JW2185
ECK2190,CCMD,JW2186
ECK2192,CCMB,JW2188
ECK2193,CCMA,JW5366
ECK2194,NAPC,JW2190
ECK2195,NAPB,JW5367
ECK2196,NAPH,JW2192
ECK2197,NAPG,JW2193
ECK2198,NAPA,JW2194
ECK2199,NAPD,JW2195
ECK2200,NAPF,JW2196
ECK2201,ECO,JW2197
ECK2203,YOJI,JW2199
ECK2204,ALKB,JW2200
ECK2205,ADA,JW2201
ECK2207,OMPC,JW2203
ECK2209,RCSD,JW2204
ECK2210,RCSB,JW2205
ECK2212,ATOS,JW2213
ECK2213,ATOC,JW2214
ECK2214,ATOD,JW2215
ECK2215,ATOA,JW2216
ECK2216,ATOE,JW2217
ECK2217,ATOB,JW2218
ECK2218,YFAP,JW2219
ECK2219,YFAQ,JW2220
ECK2221,YFAT,JW2223
ECK2222,YFAA,JW2224
ECK2225,YFAL,JW2227
ECK2228,YFAE,JW2230
ECK2229,INAA,JW2231
ECK2231,GLPQ,JW2233
ECK2232,GLPT,JW2234
ECK2233,GLPA,JW2235
ECK2234,GLPB,JW2236
ECK2235,GLPC,JW2237
ECK2236,YFAD,JW2238
ECK2237,YPAA,JW5964
ECK2238,YFAU,JW2239
ECK2239,YFAV,JW2240
ECK2240,YFAW,JW2241
ECK2241,YFAX,JW2242
ECK2242,YFAY,JW2243
ECK2243,YFAZ,JW5371
ECK2245,AIS,JW2246
ECK2250,ARNT,JW2251
ECK2253,PMRD,JW2254
ECK2254,MENE,JW2255
ECK2255,MENC,JW2256
ECK2256,MENB,JW2257
ECK2257,YFBB,JW2258
ECK2258,MEND,JW5374
ECK2259,MENF,JW2260
ECK2260,ELAB,JW2261
ECK2261,ELAA,JW2262